Workbook

Sheet 1_THIET_LAP_BU
B2: FIT TOUR — BẢN MẪU KẾ HOẠCH TÀI CHÍNH & MARKETING 2027
B3: Chuẩn hóa quy trình lập kế hoạch sản phẩm, P&L và ma trận dòng tiền Marketing cho 5 Business Units (BU1 - BU5)
B5: THÔNG TIN ĐƠN VỊ (METADATA) | D5: HƯỚNG DẪN THỰC HIỆN
B6: Business Unit (Mã đơn vị) | C6: BU1 | D6: Chọn từ BU1 đến BU5
B7: Tên Đơn Vị / Thị Trường | C7: Thị trường Đông Bắc Á / Đông Nam Á / Khác | D7: Tên đầy đủ của BU
B8: Trưởng BU / Người Lập Kế Hoạch | C8: Điền họ tên Trưởng BU | D8: Chịu trách nhiệm số liệu
B9: Năm Kế Hoạch Tài Chính | C9: 2027 | D9: Năm triển khai kinh doanh chính thức
B10: Chu Kỳ Theo Dõi Dòng Tiền | C10: 08/2026 - 10/2027 (15 Tháng) | D10: Gồm các tháng chuẩn bị lead-time cuối 2026
B11: Định Mức Ngân Sách Marketing FIT Tour | C11: 0.01 | D11: Chuẩn công ty: 1.00% Doanh thu
B12: Chế Độ Phân Bổ Ngân Sách MKT | C12: Phân bổ đều theo Lead-time | D12: Tự động chia đều cho N tháng chạy trước
B13: Trạng Thái Phê Duyệt | C13: Kế hoạch đã trình duyệt | D13: Chờ duyệt / Đã duyệt / Dự thảo
B16: QUY TRÌNH 4 BƯỚC HOÀN THIỆN KẾ HOẠCH DÀNH CHO TRƯỞNG BU
B17: Bước 1 (Tab 2 - PRODUCT_PNL): Điền danh mục các tuyến tour dự kiến mở bán trong năm 2027. Nhập Giá bán, Giá vốn và Định phí dự kiến. Các cột Doanh thu, Lãi gộp, Biên LN và Điểm hòa vốn sẽ TỰ ĐỘNG TÍNH.
B18: Bước 2 (Tab 3 - DEPARTURE_CASHFLOW): Nhập lịch khởi hành chi tiết từng đoàn. Phân loại rõ: [Chính thức] (đoàn chốt bán) hoặc [Mở rộng / Dự phòng] (đoàn trần năng lực mở thêm khi nhu cầu cao).
B19: Bước 3 (Tab 3 - LEAD TIME): Điền số tháng chạy Marketing trước ngày khởi hành (Lead-time: 1-10 tháng). Công thức sẽ TỰ ĐỘNG DÀN NGÂN SÁCH MKT RA 15 THÁNG và TỰ ĐỘNG GOM THÀNH 5 QUÝ.
B20: Bước 4 (Tab 4 - SCENARIOS_SUMMARY): Xem bảng phân tích 3 Kịch bản (Thận trọng 80%, Cơ sở 100%, Tăng trưởng 110%) được tự động tính toán liên kết từ Tab 2 & Tab 3 để trình Ban Giám Đốc phê duyệt.

Sheet 2_PNL_SAN_PHAM
A1: BẢNG ĐỊNH GIÁ & P&L SẢN PHẨM KẾ HOẠCH NĂM 2027
A2: Lưu ý: Các cột màu xanh lá là dữ liệu Trưởng BU nhập; các cột màu xám/xanh dương là CÔNG THỨC TỰ ĐỘNG TÍNH.
A3: STT | B3: Mã Tuyến | C3: Tên Sản Phẩm / Tuyến Tour | D3: Phân Loại Tuyến | E3: Số Đoàn (Trần P&L) | F3: Khách / Đoàn | G3: Tổng Khách | H3: Giá Bán / Khách (VND) | I3: Chi Phí / Khách (VND) | J3: Định Phí Điều Hành / Đoàn (VND) | K3: Doanh Thu P&L (VND) | L3: Tổng Chi Phí (VND) | M3: Lãi Gộp P&L (VND) | N3: Biên LN Gộp (%) | O3: Điểm Hòa Vốn (Pax/Đoàn) | P3: Ghi Chú Chiến Lược
A4: 1 | B4: tuyen_1 | C4: Tuyến Tour Mẫu 1 (vd: Nhật Bản Mùa Hoa) | D4: Tuyến trụ cột | E4: 5 | F4: 15 | G4: =E4*F4 | H4: 35900000 | I4: 30500000 | J4: 20000000 | K4: =G4*H4 | L4: =G4*I4 | M4: =K4-L4 | N4: =IF(K4>0, M4/K4, 0) | O4: =IF((H4-I4)>0, ROUNDUP(J4/(H4-I4), 0), F4) | P4: Sản phẩm volume
A5: 2 | B5: tuyen_2 | C5: Tuyến Tour Mẫu 2 (vd: Hàn Quốc Thu) | D5: Tuyến mùa vụ | E5: 4 | F5: 15 | G5: =E5*F5 | H5: 18900000 | I5: 16000000 | J5: 15000000 | K5: =G5*H5 | L5: =G5*I5 | M5: =K5-L5 | N5: =IF(K5>0, M5/K5, 0) | O5: =IF((H5-I5)>0, ROUNDUP(J5/(H5-I5), 0), F5) | P5: Mùa thu lá đỏ
A6: 3 | B6: tuyen_3 | C6: Tuyến Tour Mẫu 3 (vd: Đài Loan) | D6: Tuyến phát triển | E6: 6 | F6: 20 | G6: =E6*F6 | H6: 14900000 | I6: 12500000 | J6: 12000000 | K6: =G6*H6 | L6: =G6*I6 | M6: =K6-L6 | N6: =IF(K6>0, M6/K6, 0) | O6: =IF((H6-I6)>0, ROUNDUP(J6/(H6-I6), 0), F6) | P6: Tuyến thị trường
A7: TỔNG | C7: TỔNG CỘNG DANH MỤC SẢN PHẨM (TRẦN P&L) | E7: =SUM(E4:E6) | G7: =SUM(G4:G6) | K7: =SUM(K4:K6) | L7: =SUM(L4:L6) | M7: =SUM(M4:M6) | N7: =IF(K7>0, M7/K7, 0)

Sheet 3_LICH_BAY_DONG_TIEN_MKT
A1: MA TRẬN LỊCH KHỞI HÀNH & PHÂN BỔ DÒNG TIỀN MARKETING KẾ HOẠCH 2027
A2: THÔNG TIN VẬN HÀNH & ĐỊNH MỨC | P2: MA TRẬN DÒNG TIỀN MARKETING THEO 15 THÁNG (GIẢI NGÂN TRƯỚC THEO LEAD TIME) | AE2: GOM DÒNG TIỀN THEO 5 QUÝ (DỄ PHÂN TIỀN / DUYỆT NGÂN SÁCH)
A3: STT | B3: Phân Loại Đoàn | C3: Mã Tuyến | D3: Tên Đợt Khởi Hành | E3: Tháng Bay | F3: Thời Điểm | G3: Số Đoàn | H3: Pax / Đoàn | I3: Tổng Pax | J3: Giá Bán / Khách | K3: Doanh Thu Đoàn (VND) | L3: % MKT | M3: Ngân Sách MKT (VND) | N3: Lead Time (T) | O3: Tháng Bắt Đầu | P3: T08/26 | Q3: T09/26 | R3: T10/26 | S3: T11/26 | T3: T12/26 | U3: T01/27 | V3: T02/27 | W3: T03/27 | X3: T04/27 | Y3: T05/27 | Z3: T06/27 | AA3: T07/27 | AB3: T08/27 | AC3: T09/27 | AD3: T10/27 | AE3: Q4/2026 | AF3: Q1/2027 | AG3: Q2/2027 | AH3: Q3/2027 | AI3: Q4/2027
A4: 1 | B4: Chính thức | C4: tuyen_1 | D4: Đoàn Nhật Bản Mùa Hoa T3/2027 | E4: 2027-03 | F4: 03/2027 | G4: 2 | H4: 10 | I4: =G4*H4 | J4: =IFERROR(VLOOKUP(C4, '2_PNL_SAN_PHAM'!$B$4:$H$25, 7, FALSE), 0) | K4: =I4*J4 | L4: ='1_THIET_LAP_BU'!$C$11 | M4: =ROUND(K4*L4, 0) | N4: 3 | O4: 3 tháng trước | P4: 0 | Q4: 0 | R4: 0 | S4: 0 | T4: =ROUND($M4/$N4, 0) | U4: =ROUND($M4/$N4, 0) | V4: =ROUND($M4/$N4, 0) | W4: 0 | X4: 0 | Y4: 0 | Z4: 0 | AA4: 0 | AB4: 0 | AC4: 0 | AD4: 0 | AE4: =SUM(R4:T4) | AF4: =SUM(U4:W4) | AG4: =SUM(X4:Z4) | AH4: =SUM(AA4:AC4) | AI4: =AD4
A5: 2 | B5: Chính thức | C5: tuyen_1 | D5: Đoàn Nhật Bản Dịp Lễ 30/4/2027 | E5: 2027-04 | F5: 04/2027 | G5: 3 | H5: 10 | I5: =G5*H5 | J5: =IFERROR(VLOOKUP(C5, '2_PNL_SAN_PHAM'!$B$4:$H$25, 7, FALSE), 0) | K5: =I5*J5 | L5: ='1_THIET_LAP_BU'!$C$11 | M5: =ROUND(K5*L5, 0) | N5: 3 | O5: 3 tháng trước | P5: 0 | Q5: 0 | R5: 0 | S5: 0 | T5: 0 | U5: =ROUND($M5/$N5, 0) | V5: =ROUND($M5/$N5, 0) | W5: =ROUND($M5/$N5, 0) | X5: 0 | Y5: 0 | Z5: 0 | AA5: 0 | AB5: 0 | AC5: 0 | AD5: 0 | AE5: =SUM(R5:T5) | AF5: =SUM(U5:W5) | AG5: =SUM(X5:Z5) | AH5: =SUM(AA5:AC5) | AI5: =AD5
A6: 3 | B6: Chính thức | C6: tuyen_2 | D6: Đoàn Hàn Quốc Mùa Thu T10/2027 | E6: 2027-10 | F6: 10/2027 | G6: 4 | H6: 10 | I6: =G6*H6 | J6: =IFERROR(VLOOKUP(C6, '2_PNL_SAN_PHAM'!$B$4:$H$25, 7, FALSE), 0) | K6: =I6*J6 | L6: ='1_THIET_LAP_BU'!$C$11 | M6: =ROUND(K6*L6, 0) | N6: 3 | O6: 3 tháng trước | P6: 0 | Q6: 0 | R6: 0 | S6: 0 | T6: 0 | U6: 0 | V6: 0 | W6: 0 | X6: 0 | Y6: 0 | Z6: 0 | AA6: =ROUND($M6/$N6, 0) | AB6: =ROUND($M6/$N6, 0) | AC6: =ROUND($M6/$N6, 0) | AD6: 0 | AE6: =SUM(R6:T6) | AF6: =SUM(U6:W6) | AG6: =SUM(X6:Z6) | AH6: =SUM(AA6:AC6) | AI6: =AD6
A7: 4 | B7: Mở rộng / Dự phòng | C7: tuyen_1 | D7: Đoàn Nhật Bản Mở Rộng Dịp Tết | E7: 2027-02 | F7: 02/2027 | G7: 1 | H7: 10 | I7: =G7*H7 | J7: =IFERROR(VLOOKUP(C7, '2_PNL_SAN_PHAM'!$B$4:$H$25, 7, FALSE), 0) | K7: =I7*J7 | L7: ='1_THIET_LAP_BU'!$C$11 | M7: =ROUND(K7*L7, 0) | N7: 3 | O7: 3 tháng trước | P7: 0 | Q7: 0 | R7: 0 | S7: =ROUND($M7/$N7, 0) | T7: =ROUND($M7/$N7, 0) | U7: =ROUND($M7/$N7, 0) | V7: 0 | W7: 0 | X7: 0 | Y7: 0 | Z7: 0 | AA7: 0 | AB7: 0 | AC7: 0 | AD7: 0 | AE7: =SUM(R7:T7) | AF7: =SUM(U7:W7) | AG7: =SUM(X7:Z7) | AH7: =SUM(AA7:AC7) | AI7: =AD7
B8: TỔNG ĐOÀN CHÍNH THỨC | G8: =SUMIF($B$4:$B$7, "Chính thức", G$4:G$7) | I8: =SUMIF($B$4:$B$7, "Chính thức", I$4:I$7) | K8: =SUMIF($B$4:$B$7, "Chính thức", K$4:K$7) | M8: =SUMIF($B$4:$B$7, "Chính thức", M$4:M$7) | P8: =SUMIF($B$4:$B$7, "Chính thức", P$4:P$7) | Q8: =SUMIF($B$4:$B$7, "Chính thức", Q$4:Q$7) | R8: =SUMIF($B$4:$B$7, "Chính thức", R$4:R$7) | S8: =SUMIF($B$4:$B$7, "Chính thức", S$4:S$7) | T8: =SUMIF($B$4:$B$7, "Chính thức", T$4:T$7) | U8: =SUMIF($B$4:$B$7, "Chính thức", U$4:U$7) | V8: =SUMIF($B$4:$B$7, "Chính thức", V$4:V$7) | W8: =SUMIF($B$4:$B$7, "Chính thức", W$4:W$7) | ... AI8: =SUMIF($B$4:$B$7, "Chính thức", AI$4:AI$7)
B9: TỔNG ĐOÀN MỞ RỘNG | G9: =SUMIF($B$4:$B$7, "Mở rộng / Dự phòng", G$4:G$7) | I9: =SUMIF($B$4:$B$7, "Mở rộng / Dự phòng", I$4:I$7) | K9: =SUMIF($B$4:$B$7, "Mở rộng / Dự phòng", K$4:K$7) | M9: =SUMIF($B$4:$B$7, "Mở rộng / Dự phòng", M$4:M$7) | P9: =SUMIF($B$4:$B$7, "Mở rộng / Dự phòng", P$4:P$7) | Q9: =SUMIF($B$4:$B$7, "Mở rộng / Dự phòng", Q$4:Q$7) | R9: =SUMIF($B$4:$B$7, "Mở rộng / Dự phòng", R$4:R$7) | S9: =SUMIF($B$4:$B$7, "Mở rộng / Dự phòng", S$4:S$7) | T9: =SUMIF($B$4:$B$7, "Mở rộng / Dự phòng", T$4:T$7) | U9: =SUMIF($B$4:$B$7, "Mở rộng / Dự phòng", U$4:U$7) | V9: =SUMIF($B$4:$B$7, "Mở rộng / Dự phòng", V$4:V$7) | W9: =SUMIF($B$4:$B$7, "Mở rộng / Dự phòng", W$4:W$7) | ... AI9: =SUMIF($B$4:$B$7, "Mở rộng / Dự phòng", AI$4:AI$7)
B10: TỔNG TOÀN BỘ KẾ HOẠCH (TRẦN P&L) | G10: =SUM(G$4:G$7) | I10: =SUM(I$4:I$7) | K10: =SUM(K$4:K$7) | M10: =SUM(M$4:M$7) | P10: =SUM(P$4:P$7) | Q10: =SUM(Q$4:Q$7) | R10: =SUM(R$4:R$7) | S10: =SUM(S$4:S$7) | T10: =SUM(T$4:T$7) | U10: =SUM(U$4:U$7) | V10: =SUM(V$4:V$7) | W10: =SUM(W$4:W$7) | ... AI10: =SUM(AI$4:AI$7)

Sheet 4_KICH_BAN_KINH_DOANH
B2: BẢNG PHÂN TÍCH 3 KỊCH BẢN KINH DOANH BU KẾ HOẠCH 2027
B3: Tự động tính toán theo công thức liên kết từ Tab 2 (P&L) và Tab 3 (Lịch Khởi Hành). Không cần nhập tay.
B5: CHỈ TIÊU TÀI CHÍNH / VẬN HÀNH | C5: THẬN TRỌNG (80%) | D5: CƠ SỞ (100% DUYỆT) | E5: TĂNG TRƯỞNG (110%) | F5: ĐỊNH HƯỚNG CHIẾN LƯỢC & HÀNH ĐỘNG
B6: Tỷ lệ hoàn thành mục tiêu | C6: 80% | D6: 100% | E6: 110% | F6: Mức độ hấp thụ thị trường
B7: Số đoàn khởi hành | C7: =ROUND('3_LICH_BAY_DONG_TIEN_MKT'!G10*0.8, 0) | D7: ='3_LICH_BAY_DONG_TIEN_MKT'!G10 | E7: =ROUND('3_LICH_BAY_DONG_TIEN_MKT'!G10*1.1, 0) | F7: Đoàn vận hành thực tế
B8: Số khách bình quân / đoàn | C8: 8 | D8: 10 | E8: 12 | F8: Sĩ số khách trung bình
B9: Tổng số lượt khách (Pax) | C9: =C7*C8 | D9: =D7*D8 | E9: =E7*E8 | F9: Quy mô khách phục vụ
B10: Hệ số điều chỉnh giá bán | C10: 0.98x (Giảm giá nhẹ) | D10: 1.00x (Chuẩn) | E10: 1.00x (Chuẩn) | F10: Chiết khấu kích cầu khi thị trường chậm
B11: Hệ số chi phí trực tiếp | C11: 1.03x (Tăng do đoàn nhỏ) | D11: 1.00x (Chuẩn) | E11: 0.98x (Tối ưu volume) | F11: Quy mô kinh tế (Economies of Scale)
B12: Doanh thu kế hoạch (VND) | C12: =C9*('2_PNL_SAN_PHAM'!K7/'2_PNL_SAN_PHAM'!G7)*0.98 | D12: ='2_PNL_SAN_PHAM'!K7 | E12: =E9*('2_PNL_SAN_PHAM'!K7/'2_PNL_SAN_PHAM'!G7) | F12: Tổng doanh thu ghi nhận
B13: Tổng chi phí trực tiếp (VND) | C13: =C9*('2_PNL_SAN_PHAM'!L7/'2_PNL_SAN_PHAM'!G7)*1.03 | D13: ='2_PNL_SAN_PHAM'!L7 | E13: =E9*('2_PNL_SAN_PHAM'!L7/'2_PNL_SAN_PHAM'!G7)*0.98 | F13: Giá vốn landtour, vé máy bay & visa
B14: Lợi nhuận gộp P&L (VND) | C14: =C12-C13 | D14: =D12-D13 | E14: =E12-E13 | F14: Thặng dư vận hành trước Marketing
B15: Biên Lợi Nhuận Gộp (%) | C15: =IF(C12>0, C14/C12, 0) | D15: =IF(D12>0, D14/D12, 0) | E15: =IF(E12>0, E14/E12, 0) | F15: Tỷ suất lợi nhuận gộp
B16: Ngân sách Marketing 1% (VND) | C16: =ROUND(C12*0.01, 0) | D16: =ROUND(D12*0.01, 0) | E16: =ROUND(E12*0.01, 0) | F16: Quỹ xúc tiến khách hàng mới (1% DT)
B17: Lãi đóng góp sau MKT (VND) | C17: =C14-C16 | D17: =D14-D16 | E17: =E14-E16 | F17: Lợi nhuận đóng góp vào chi phí bộ máy
B19: KẾ HOẠCH HÀNH ĐỘNG CỤ THỂ THEO TỪNG KỊCH BẢN:
B20: Kịch bản Thận trọng (80%) | C20: Ưu tiên tối đa các tuyến trụ cột có biên an toàn cao; tạm dừng mở bán tuyến mới nếu chưa đạt điểm hòa vốn 6 pax trước 45 ngày.
B21: Kịch bản Cơ sở (100%) | C21: Kế hoạch mục tiêu chính thức trình BOD phê duyệt. Phân bổ ngân sách Marketing theo đúng tiến độ 5 quý; mở bán đúng 10 khách/đoàn.
B22: Kịch bản Tăng trưởng (110%) | C22: Kích hoạt cả 3 đoàn dự phòng mở rộng và tăng chỉ tiêu sĩ số lên 12 pax/đoàn khi waitlist ghi nhận nhu cầu bùng nổ.
