Workbook

Sheet HUONG_DAN
A1: HỆ THỐNG DỰ TOÁN DOANH THU, LỢI NHUẬN & ADS BUDGET - FIT TOUR (Q4/2026)
A4: 1. MỤC ĐÍCH & Ý NGHĨA
A5: • Chuẩn hóa quy trình cấp ngân sách Marketing theo mô hình Unit Economics (Lợi nhuận gộp từng đoàn).
A6: • BUM chủ động quản trị P&L, đảm bảo ngân sách quảng cáo không vượt quá biên lợi nhuận cho phép.
A7: • Khắc phục hoàn toàn rủi ro hủy đoàn gây mất trắng tiền ads và lệch pha chu kỳ làm visa/đặt vé Outbound (30-60 ngày).
A9: 2. QUY ƯỚC MÀU SẮC TRÊN CÁC SHEET BU
A10: Màu Ô | B10: Phân Loại | C10: Quy Định & Hướng Dẫn Thao Tác Cho BUM
A11: MÀU XANH NHẠT | B11: Ô BUM NHẬP TAY | C11: BUM điền thông tin đoàn: Tên tour, ngày bay, số khách mục tiêu, giá bán, giá vốn, tỷ lệ chốt Sale (CR%), CPL trần kỳ vọng.
A12: MÀU VÀNG NHẠT | B12: CÔNG THỨC TỰ ĐỘNG | C12: Hệ thống tự động tính: Lãi 1 pax, Doanh thu, Lãi gộp đoàn, Số Lead cần, Budget Ads đề xuất, % Ads/Lãi và Cảnh báo an toàn. KHÔNG ĐƯỢC XÓA/SỬA.
A13: MÀU TRẮNG XÁM | B13: DÒNG TỔNG CỘNG | C13: Tự động cộng dồn toàn bộ các đoàn trong tháng của BU để trình duyệt Ban Giám Đốc và Marketing.
A15: 3. ĐỊNH MỨC TRẦN NGÂN SÁCH ADS CHO 5 BU
A16: BU | B16: Thị Trường & Tuyến Phụ Trách | C16: Biên Lợi Nhuận Gộp (Margin) | D16: % Ads Tối Đa / Lãi Gộp (Trần) | E16: % Ads Ước Tính / Doanh Thu
A17: BU1 | B17: Tour Trung Quốc (Lệ Giang, Cửu Trại Câu, Bắc Kinh, Tân Cương...) | C17: 15% - 20% (3 - 6 tr/pax) | D17: 20.0% - 25.0% | E17: 3.0% - 4.5%
A18: BU2 | B18: Tour Nhật Bản (Cung đường vàng, Mùa lá đỏ, Mùa tuyết...) | C18: 18% - 22% (6 - 10 tr/pax) | D18: 18.0% - 22.0% | E18: 3.5% - 5.0%
A19: BU3 | B19: Tour Châu Âu & Úc (Đông Tây Âu, Bắc Âu, Sydney...) - Thử nghiệm | C19: 15% - 20% (12 - 20 tr/pax) | D19: 15.0% - 20.0% | E19: 2.5% - 3.5%
A20: BU4 | B20: Tour Nam Á / Himalaya (Bhutan, Ladakh, Sri Lanka...) - Tuyến sâu | C20: 25% - 35% (10 - 25 tr/pax) | D20: 15.0% - 20.0% | E20: 4.0% - 6.0%
A21: BU5 | B21: Tour Độc Lạ (Ai Cập, Ma Rốc, Pakistan, Mông Cổ...) - Biên lãi cao | C21: 25% - 35% (12 - 30 tr/pax) | D21: 15.0% - 20.0% | E21: 3.5% - 5.0%
A23: 4. LỊCH TRÌNH VẬN HÀNH & NGUYÊN TẮC D-DAY
A24: • Ngày 20 hàng tháng: BUM hoàn thành điền dự toán cho tháng tiếp theo vào đúng Tab của BU mình.
A25: • Ngày 23 hàng tháng: Họp thẩm định 3 bên (BOD + Marketing + BUM) chốt hạn mức chính thức.
A26: • Ngày 25 hàng tháng: Cấu hình KPI ngân sách lên CRM FIT Tour để theo dõi realtime theo từng tuần.
A27: • Mốc D-30 (Trước bay 30 ngày): Kiểm tra số khách đạt điểm hòa vốn. Nếu chưa đạt, họp khẩn để bơm thêm ads hoặc ghép ngày.
A28: • Mốc D-15 (Trước bay 15 ngày): Khóa danh sách đoàn, ngừng toàn bộ ads, hoàn ngân sách thừa về quỹ BU.

Sheet TONG_HOP_COMPANY
A1: DASHBOARD TỔNG HỢP DOANH THU, LỢI NHUẬN & ADS BUDGET 5 BU (Q4/2026)
A3: TỔNG DOANH THU TOÀN CÔNG TY | C3: TỔNG LỢI NHUẬN GỘP DỰ KIẾN | E3: TỔNG NGÂN SÁCH ADS ĐỀ XUẤT | H3: % ADS / LÃI GỘP TOÀN FIT TOUR | J3: ĐÁNH GIÁ TÀI CHÍNH
A4: =SUM(C8:C12) | C4: =SUM(D8:D12) | E4: =SUM(F8:F12) | H4: =IF(C4>0, E4/C4, 0) | J4: =IF(H4<=0.2, "✅ RẤT TỐT (<20%)", IF(H4<=0.25, "⚠️ AN TOÀN", "❌ VƯỢT TRẦN"))
A7: Mã BU | B7: Tên Đơn Vị Kinh Doanh (BU) & Trưởng Đơn Vị | C7: Dự Toán Doanh Thu (VND) | D7: Dự Toán Lãi Gộp (VND) | E7: Số Lead SĐT Dự Kiến | F7: Budget Ads Đề Xuất (VND) | G7: % Ads / Doanh Thu | H7: % Ads / Lãi Gộp | I7: Trần % Quy Định | J7: Đánh Giá An Toàn | K7: Ghi Chú Phê Duyệt
A8: BU1 | B8: 🇨🇳 BU1: Tour Trung Quốc | C8: =BU1_TrungQuoc!A4 | D8: =BU1_TrungQuoc!D4 | E8: =SUM(BU1_TrungQuoc!K7:K30) | F8: =BU1_TrungQuoc!G4 | G8: =IF(C8>0, F8/C8, 0) | H8: =IF(D8>0, F8/D8, 0) | I8: 20% - 25% | J8: =IF(H8<=0.22, "✅ ĐẠT YÊU CẦU", "⚠️ CẦN GIẢM BUDGET") | K8: Đã đồng bộ công thức tự động
A9: BU2 | B9: 🇯🇵 BU2: Tour Nhật Bản | C9: =BU2_NhatBan!A4 | D9: =BU2_NhatBan!D4 | E9: =SUM(BU2_NhatBan!K7:K30) | F9: =BU2_NhatBan!G4 | G9: =IF(C9>0, F9/C9, 0) | H9: =IF(D9>0, F9/D9, 0) | I9: 18% - 22% | J9: =IF(H9<=0.22, "✅ ĐẠT YÊU CẦU", "⚠️ CẦN GIẢM BUDGET") | K9: Đã đồng bộ công thức tự động
A10: BU3 | B10: 🌏 BU3: Tour Châu Âu & Úc (Thử nghiệm) | C10: =BU3_ChauAu_Uc!A4 | D10: =BU3_ChauAu_Uc!D4 | E10: =SUM(BU3_ChauAu_Uc!K7:K30) | F10: =BU3_ChauAu_Uc!G4 | G10: =IF(C10>0, F10/C10, 0) | H10: =IF(D10>0, F10/D10, 0) | I10: 15% - 20% | J10: =IF(H10<=0.22, "✅ ĐẠT YÊU CẦU", "⚠️ CẦN GIẢM BUDGET") | K10: Đã đồng bộ công thức tự động
A11: BU4 | B11: 🇱🇰 BU4: Tour Nam Á / Himalaya (Bhutan, Ladakh) | C11: =BU4_NamA_Himalaya!A4 | D11: =BU4_NamA_Himalaya!D4 | E11: =SUM(BU4_NamA_Himalaya!K7:K30) | F11: =BU4_NamA_Himalaya!G4 | G11: =IF(C11>0, F11/C11, 0) | H11: =IF(D11>0, F11/D11, 0) | I11: 15% - 20% | J11: =IF(H11<=0.22, "✅ ĐẠT YÊU CẦU", "⚠️ CẦN GIẢM BUDGET") | K11: Đã đồng bộ công thức tự động
A12: BU5 | B12: 🇲🇦 BU5: Tuyến Độc Lạ (Ai Cập, Ma Rốc, Pakistan) | C12: =BU5_DocLa_TrungDong!A4 | D12: =BU5_DocLa_TrungDong!D4 | E12: =SUM(BU5_DocLa_TrungDong!K7:K30) | F12: =BU5_DocLa_TrungDong!G4 | G12: =IF(C12>0, F12/C12, 0) | H12: =IF(D12>0, F12/D12, 0) | I12: 15% - 20% | J12: =IF(H12<=0.22, "✅ ĐẠT YÊU CẦU", "⚠️ CẦN GIẢM BUDGET") | K12: Đã đồng bộ công thức tự động
A13: TỔNG | B13: TOÀN BỘ 5 BUSINESS UNITS | C13: =SUM(C8:C12) | D13: =SUM(D8:D12) | E13: =SUM(E8:E12) | F13: =SUM(F8:F12) | G13: =IF(C13>0, F13/C13, 0) | H13: =IF(D13>0, F13/D13, 0) | I13: ≤ 22.0% | J13: =IF(H13<=0.22, "✅ HỆ THỐNG AN TOÀN", "❌ CẢNH BÁO LỖ ADS") | K13: BOD phê duyệt

Sheet BU1_TrungQuoc
A1: 🇨🇳 BU1: DỰ TOÁN DOANH THU, LỢI NHUẬN & ADS BUDGET - TOUR TRUNG QUỐC (Q4/2026)
A3: DỰ TOÁN DOANH THU TOÀN BU | D3: TỔNG LỢI NHUẬN GỘP BU | G3: TỔNG NGÂN SÁCH ADS ĐỀ XUẤT | K3: % ADS / LÃI GỘP TOÀN BU | N3: TRẠNG THÁI PHÊ DUYỆT BU
A4: =SUM(H7:H30) | D4: =SUM(I7:I30) | G4: =SUM(M7:M30) | K4: =IF(D4>0, G4/D4, 0) | N4: =IF(K4=0, "Chưa có dữ liệu", IF(K4<=0.22, "✅ ĐẠT ĐỊNH MỨC", "⚠️ CẦN TỐI ƯU LẠI"))
A6: Tên Tuyến Tour / Sản Phẩm | B6: Ngày Khởi Hành | C6: Số Khách Mục Tiêu (Pax) | D6: Số Khách Hòa Vốn | E6: Giá Bán / Khách (VND) | F6: Giá Vốn / Khách (VND) | G6: Lãi Gộp / Khách (VND) | H6: DỰ TOÁN DOANH THU (VND) | I6: DỰ TOÁN LÃI GỘP (VND) | J6: Tỷ Lệ Chốt Sale (CR%) | K6: Số Lead SĐT Cần Có | L6: Giá Lead Trần CPL (VND) | M6: DỰ TOÁN BUDGET ADS (VND) | N6: % Ads / Lãi Gộp | O6: CẢNH BÁO AN TOÀN | P6: Ghi Chú / Đề Xuất BUM
A7: Cửu Trại Câu Mùa Thu | B7: 15/10/2026 | C7: 20 | D7: 14 | E7: 25900000 | F7: 20900000 | G7: =E7-F7 | H7: =C7*E7 | I7: =C7*G7 | J7: 0.1 | K7: =IF(J7>0, ROUNDUP(C7/J7, 0), 0) | L7: 140000 | M7: =K7*L7 | N7: =IF(I7>0, M7/I7, 0) | O7: =IF(N7=0, "", IF(N7<=0.2, "✅ An toàn", IF(N7<=0.25, "⚠️ Cận trần", "❌ VƯỢT TRẦN"))) | P7: Tuyến HOT nhất T10, ưu tiên chạy sớm trước 40 ngày
A8: Lệ Giang - Sa Khê Cổ Trấn | B8: 22/10/2026 | C8: 22 | D8: 15 | E8: 22900000 | F8: 18500000 | G8: =E8-F8 | H8: =C8*E8 | I8: =C8*G8 | J8: 0.09 | K8: =IF(J8>0, ROUNDUP(C8/J8, 0), 0) | L8: 150000 | M8: =K8*L8 | N8: =IF(I8>0, M8/I8, 0) | O8: =IF(N8=0, "", IF(N8<=0.2, "✅ An toàn", IF(N8<=0.25, "⚠️ Cận trần", "❌ VƯỢT TRẦN"))) | P8: Tuyến đều đặn, chạy song song video + ảnh
A9: Bắc Kinh - Thượng Hải Thu Vàng | B9: 10/11/2026 | C9: 18 | D9: 12 | E9: 32500000 | F9: 26000000 | G9: =E9-F9 | H9: =C9*E9 | I9: =C9*G9 | J9: 0.08 | K9: =IF(J9>0, ROUNDUP(C9/J9, 0), 0) | L9: 170000 | M9: =K9*L9 | N9: =IF(I9>0, M9/I9, 0) | O9: =IF(N9=0, "", IF(N9<=0.2, "✅ An toàn", IF(N9<=0.25, "⚠️ Cận trần", "❌ VƯỢT TRẦN"))) | P9: Khách trung niên, tỷ lệ để lại SĐT cao
A10: Thanh Tạng Chuyến Tàu Huyền Thoại | B10: 18/11/2026 | C10: 16 | D10: 11 | E10: 45000000 | F10: 36500000 | G10: =E10-F10 | H10: =C10*E10 | I10: =C10*G10 | J10: 0.07 | K10: =IF(J10>0, ROUNDUP(C10/J10, 0), 0) | L10: 190000 | M10: =K10*L10 | N10: =IF(I10>0, M10/I10, 0) | O10: =IF(N10=0, "", IF(N10<=0.2, "✅ An toàn", IF(N10<=0.25, "⚠️ Cận trần", "❌ VƯỢT TRẦN"))) | P10: Tuyến dài ngày kén khách
G11: =IF(E11>0, E11-F11, 0) | H11: =IF(C11>0, C11*E11, 0) | I11: =IF(C11>0, C11*G11, 0) | K11: =IF(AND(C11>0, J11>0), ROUNDUP(C11/J11, 0), 0) | M11: =IF(K11>0, K11*L11, 0) | N11: =IF(I11>0, M11/I11, 0) | O11: =IF(M11=0, "", IF(N11<=0.2, "✅ An toàn", IF(N11<=0.25, "⚠️ Cận trần", "❌ VƯỢT TRẦN")))
G12: =IF(E12>0, E12-F12, 0) | H12: =IF(C12>0, C12*E12, 0) | I12: =IF(C12>0, C12*G12, 0) | K12: =IF(AND(C12>0, J12>0), ROUNDUP(C12/J12, 0), 0) | M12: =IF(K12>0, K12*L12, 0) | N12: =IF(I12>0, M12/I12, 0) | O12: =IF(M12=0, "", IF(N12<=0.2, "✅ An toàn", IF(N12<=0.25, "⚠️ Cận trần", "❌ VƯỢT TRẦN")))
G13: =IF(E13>0, E13-F13, 0) | H13: =IF(C13>0, C13*E13, 0) | I13: =IF(C13>0, C13*G13, 0) | K13: =IF(AND(C13>0, J13>0), ROUNDUP(C13/J13, 0), 0) | M13: =IF(K13>0, K13*L13, 0) | N13: =IF(I13>0, M13/I13, 0) | O13: =IF(M13=0, "", IF(N13<=0.2, "✅ An toàn", IF(N13<=0.25, "⚠️ Cận trần", "❌ VƯỢT TRẦN")))
G14: =IF(E14>0, E14-F14, 0) | H14: =IF(C14>0, C14*E14, 0) | I14: =IF(C14>0, C14*G14, 0) | K14: =IF(AND(C14>0, J14>0), ROUNDUP(C14/J14, 0), 0) | M14: =IF(K14>0, K14*L14, 0) | N14: =IF(I14>0, M14/I14, 0) | O14: =IF(M14=0, "", IF(N14<=0.2, "✅ An toàn", IF(N14<=0.25, "⚠️ Cận trần", "❌ VƯỢT TRẦN")))
G15: =IF(E15>0, E15-F15, 0) | H15: =IF(C15>0, C15*E15, 0) | I15: =IF(C15>0, C15*G15, 0) | K15: =IF(AND(C15>0, J15>0), ROUNDUP(C15/J15, 0), 0) | M15: =IF(K15>0, K15*L15, 0) | N15: =IF(I15>0, M15/I15, 0) | O15: =IF(M15=0, "", IF(N15<=0.2, "✅ An toàn", IF(N15<=0.25, "⚠️ Cận trần", "❌ VƯỢT TRẦN")))
G16: =IF(E16>0, E16-F16, 0) | H16: =IF(C16>0, C16*E16, 0) | I16: =IF(C16>0, C16*G16, 0) | K16: =IF(AND(C16>0, J16>0), ROUNDUP(C16/J16, 0), 0) | M16: =IF(K16>0, K16*L16, 0) | N16: =IF(I16>0, M16/I16, 0) | O16: =IF(M16=0, "", IF(N16<=0.2, "✅ An toàn", IF(N16<=0.25, "⚠️ Cận trần", "❌ VƯỢT TRẦN")))
G17: =IF(E17>0, E17-F17, 0) | H17: =IF(C17>0, C17*E17, 0) | I17: =IF(C17>0, C17*G17, 0) | K17: =IF(AND(C17>0, J17>0), ROUNDUP(C17/J17, 0), 0) | M17: =IF(K17>0, K17*L17, 0) | N17: =IF(I17>0, M17/I17, 0) | O17: =IF(M17=0, "", IF(N17<=0.2, "✅ An toàn", IF(N17<=0.25, "⚠️ Cận trần", "❌ VƯỢT TRẦN")))
G18: =IF(E18>0, E18-F18, 0) | H18: =IF(C18>0, C18*E18, 0) | I18: =IF(C18>0, C18*G18, 0) | K18: =IF(AND(C18>0, J18>0), ROUNDUP(C18/J18, 0), 0) | M18: =IF(K18>0, K18*L18, 0) | N18: =IF(I18>0, M18/I18, 0) | O18: =IF(M18=0, "", IF(N18<=0.2, "✅ An toàn", IF(N18<=0.25, "⚠️ Cận trần", "❌ VƯỢT TRẦN")))
G19: =IF(E19>0, E19-F19, 0) | H19: =IF(C19>0, C19*E19, 0) | I19: =IF(C19>0, C19*G19, 0) | K19: =IF(AND(C19>0, J19>0), ROUNDUP(C19/J19, 0), 0) | M19: =IF(K19>0, K19*L19, 0) | N19: =IF(I19>0, M19/I19, 0) | O19: =IF(M19=0, "", IF(N19<=0.2, "✅ An toàn", IF(N19<=0.25, "⚠️ Cận trần", "❌ VƯỢT TRẦN")))
G20: =IF(E20>0, E20-F20, 0) | H20: =IF(C20>0, C20*E20, 0) | I20: =IF(C20>0, C20*G20, 0) | K20: =IF(AND(C20>0, J20>0), ROUNDUP(C20/J20, 0), 0) | M20: =IF(K20>0, K20*L20, 0) | N20: =IF(I20>0, M20/I20, 0) | O20: =IF(M20=0, "", IF(N20<=0.2, "✅ An toàn", IF(N20<=0.25, "⚠️ Cận trần", "❌ VƯỢT TRẦN")))
G21: =IF(E21>0, E21-F21, 0) | H21: =IF(C21>0, C21*E21, 0) | I21: =IF(C21>0, C21*G21, 0) | K21: =IF(AND(C21>0, J21>0), ROUNDUP(C21/J21, 0), 0) | M21: =IF(K21>0, K21*L21, 0) | N21: =IF(I21>0, M21/I21, 0) | O21: =IF(M21=0, "", IF(N21<=0.2, "✅ An toàn", IF(N21<=0.25, "⚠️ Cận trần", "❌ VƯỢT TRẦN")))
G22: =IF(E22>0, E22-F22, 0) | H22: =IF(C22>0, C22*E22, 0) | I22: =IF(C22>0, C22*G22, 0) | K22: =IF(AND(C22>0, J22>0), ROUNDUP(C22/J22, 0), 0) | M22: =IF(K22>0, K22*L22, 0) | N22: =IF(I22>0, M22/I22, 0) | O22: =IF(M22=0, "", IF(N22<=0.2, "✅ An toàn", IF(N22<=0.25, "⚠️ Cận trần", "❌ VƯỢT TRẦN")))
... G25: =IF(E25>0, E25-F25, 0) | H25: =IF(C25>0, C25*E25, 0) | I25: =IF(C25>0, C25*G25, 0) | K25: =IF(AND(C25>0, J25>0), ROUNDUP(C25/J25, 0), 0) | M25: =IF(K25>0, K25*L25, 0) | N25: =IF(I25>0, M25/I25, 0) | O25: =IF(M25=0, "", IF(N25<=0.2, "✅ An toàn", IF(N25<=0.25, "⚠️ Cận trần", "❌ VƯỢT TRẦN")))
A26: TỔNG CỘNG TOÀN BU | C26: =SUM(C7:C25) | H26: =SUM(H7:H25) | I26: =SUM(I7:I25) | K26: =SUM(K7:K25) | M26: =SUM(M7:M25) | N26: =IF(I26>0, M26/I26, 0) | O26: =IF(N26<=0.22, "✅ ĐẠT CHUẨN", "⚠️ CẦN TỐI ƯU")

Sheet BU2_NhatBan
A1: 🇯🇵 BU2: DỰ TOÁN DOANH THU, LỢI NHUẬN & ADS BUDGET - TOUR NHẬT BẢN (Q4/2026)
A3: DỰ TOÁN DOANH THU TOÀN BU | D3: TỔNG LỢI NHUẬN GỘP BU | G3: TỔNG NGÂN SÁCH ADS ĐỀ XUẤT | K3: % ADS / LÃI GỘP TOÀN BU | N3: TRẠNG THÁI PHÊ DUYỆT BU
A4: =SUM(H7:H30) | D4: =SUM(I7:I30) | G4: =SUM(M7:M30) | K4: =IF(D4>0, G4/D4, 0) | N4: =IF(K4=0, "Chưa có dữ liệu", IF(K4<=0.22, "✅ ĐẠT ĐỊNH MỨC", "⚠️ CẦN TỐI ƯU LẠI"))
A6: Tên Tuyến Tour / Sản Phẩm | B6: Ngày Khởi Hành | C6: Số Khách Mục Tiêu (Pax) | D6: Số Khách Hòa Vốn | E6: Giá Bán / Khách (VND) | F6: Giá Vốn / Khách (VND) | G6: Lãi Gộp / Khách (VND) | H6: DỰ TOÁN DOANH THU (VND) | I6: DỰ TOÁN LÃI GỘP (VND) | J6: Tỷ Lệ Chốt Sale (CR%) | K6: Số Lead SĐT Cần Có | L6: Giá Lead Trần CPL (VND) | M6: DỰ TOÁN BUDGET ADS (VND) | N6: % Ads / Lãi Gộp | O6: CẢNH BÁO AN TOÀN | P6: Ghi Chú / Đề Xuất BUM
A7: Nhật Bản Cung Đường Vàng (Lá Đỏ T10) | B7: 25/10/2026 | C7: 20 | D7: 14 | E7: 42900000 | F7: 34000000 | G7: =E7-F7 | H7: =C7*E7 | I7: =C7*G7 | J7: 0.08 | K7: =IF(J7>0, ROUNDUP(C7/J7, 0), 0) | L7: 190000 | M7: =K7*L7 | N7: =IF(I7>0, M7/I7, 0) | O7: =IF(N7=0, "", IF(N7<=0.2, "✅ An toàn", IF(N7<=0.25, "⚠️ Cận trần", "❌ VƯỢT TRẦN"))) | P7: Cao điểm lá đỏ Kyoto - Tokyo
A8: Cung Đường Vàng (Đoàn T11) | B8: 15/11/2026 | C8: 20 | D8: 14 | E8: 41500000 | F8: 33500000 | G8: =E8-F8 | H8: =C8*E8 | I8: =C8*G8 | J8: 0.08 | K8: =IF(J8>0, ROUNDUP(C8/J8, 0), 0) | L8: 200000 | M8: =K8*L8 | N8: =IF(I8>0, M8/I8, 0) | O8: =IF(N8=0, "", IF(N8<=0.2, "✅ An toàn", IF(N8<=0.25, "⚠️ Cận trần", "❌ VƯỢT TRẦN"))) | P8: Đoàn giữa tháng 11
A9: Hokkaido Mùa Tuyết Trắng (Noel T12) | B9: 22/12/2026 | C9: 18 | D9: 12 | E9: 58000000 | F9: 46000000 | G9: =E9-F9 | H9: =C9*E9 | I9: =C9*G9 | J9: 0.07 | K9: =IF(J9>0, ROUNDUP(C9/J9, 0), 0) | L9: 230000 | M9: =K9*L9 | N9: =IF(I9>0, M9/I9, 0) | O9: =IF(N9=0, "", IF(N9<=0.2, "✅ An toàn", IF(N9<=0.25, "⚠️ Cận trần", "❌ VƯỢT TRẦN"))) | P9: Tour Noel & Tuyết đầu mùa giá trị cao
G10: =IF(E10>0, E10-F10, 0) | H10: =IF(C10>0, C10*E10, 0) | I10: =IF(C10>0, C10*G10, 0) | K10: =IF(AND(C10>0, J10>0), ROUNDUP(C10/J10, 0), 0) | M10: =IF(K10>0, K10*L10, 0) | N10: =IF(I10>0, M10/I10, 0) | O10: =IF(M10=0, "", IF(N10<=0.2, "✅ An toàn", IF(N10<=0.25, "⚠️ Cận trần", "❌ VƯỢT TRẦN")))
G11: =IF(E11>0, E11-F11, 0) | H11: =IF(C11>0, C11*E11, 0) | I11: =IF(C11>0, C11*G11, 0) | K11: =IF(AND(C11>0, J11>0), ROUNDUP(C11/J11, 0), 0) | M11: =IF(K11>0, K11*L11, 0) | N11: =IF(I11>0, M11/I11, 0) | O11: =IF(M11=0, "", IF(N11<=0.2, "✅ An toàn", IF(N11<=0.25, "⚠️ Cận trần", "❌ VƯỢT TRẦN")))
G12: =IF(E12>0, E12-F12, 0) | H12: =IF(C12>0, C12*E12, 0) | I12: =IF(C12>0, C12*G12, 0) | K12: =IF(AND(C12>0, J12>0), ROUNDUP(C12/J12, 0), 0) | M12: =IF(K12>0, K12*L12, 0) | N12: =IF(I12>0, M12/I12, 0) | O12: =IF(M12=0, "", IF(N12<=0.2, "✅ An toàn", IF(N12<=0.25, "⚠️ Cận trần", "❌ VƯỢT TRẦN")))
G13: =IF(E13>0, E13-F13, 0) | H13: =IF(C13>0, C13*E13, 0) | I13: =IF(C13>0, C13*G13, 0) | K13: =IF(AND(C13>0, J13>0), ROUNDUP(C13/J13, 0), 0) | M13: =IF(K13>0, K13*L13, 0) | N13: =IF(I13>0, M13/I13, 0) | O13: =IF(M13=0, "", IF(N13<=0.2, "✅ An toàn", IF(N13<=0.25, "⚠️ Cận trần", "❌ VƯỢT TRẦN")))
G14: =IF(E14>0, E14-F14, 0) | H14: =IF(C14>0, C14*E14, 0) | I14: =IF(C14>0, C14*G14, 0) | K14: =IF(AND(C14>0, J14>0), ROUNDUP(C14/J14, 0), 0) | M14: =IF(K14>0, K14*L14, 0) | N14: =IF(I14>0, M14/I14, 0) | O14: =IF(M14=0, "", IF(N14<=0.2, "✅ An toàn", IF(N14<=0.25, "⚠️ Cận trần", "❌ VƯỢT TRẦN")))
G15: =IF(E15>0, E15-F15, 0) | H15: =IF(C15>0, C15*E15, 0) | I15: =IF(C15>0, C15*G15, 0) | K15: =IF(AND(C15>0, J15>0), ROUNDUP(C15/J15, 0), 0) | M15: =IF(K15>0, K15*L15, 0) | N15: =IF(I15>0, M15/I15, 0) | O15: =IF(M15=0, "", IF(N15<=0.2, "✅ An toàn", IF(N15<=0.25, "⚠️ Cận trần", "❌ VƯỢT TRẦN")))
G16: =IF(E16>0, E16-F16, 0) | H16: =IF(C16>0, C16*E16, 0) | I16: =IF(C16>0, C16*G16, 0) | K16: =IF(AND(C16>0, J16>0), ROUNDUP(C16/J16, 0), 0) | M16: =IF(K16>0, K16*L16, 0) | N16: =IF(I16>0, M16/I16, 0) | O16: =IF(M16=0, "", IF(N16<=0.2, "✅ An toàn", IF(N16<=0.25, "⚠️ Cận trần", "❌ VƯỢT TRẦN")))
G17: =IF(E17>0, E17-F17, 0) | H17: =IF(C17>0, C17*E17, 0) | I17: =IF(C17>0, C17*G17, 0) | K17: =IF(AND(C17>0, J17>0), ROUNDUP(C17/J17, 0), 0) | M17: =IF(K17>0, K17*L17, 0) | N17: =IF(I17>0, M17/I17, 0) | O17: =IF(M17=0, "", IF(N17<=0.2, "✅ An toàn", IF(N17<=0.25, "⚠️ Cận trần", "❌ VƯỢT TRẦN")))
G18: =IF(E18>0, E18-F18, 0) | H18: =IF(C18>0, C18*E18, 0) | I18: =IF(C18>0, C18*G18, 0) | K18: =IF(AND(C18>0, J18>0), ROUNDUP(C18/J18, 0), 0) | M18: =IF(K18>0, K18*L18, 0) | N18: =IF(I18>0, M18/I18, 0) | O18: =IF(M18=0, "", IF(N18<=0.2, "✅ An toàn", IF(N18<=0.25, "⚠️ Cận trần", "❌ VƯỢT TRẦN")))
G19: =IF(E19>0, E19-F19, 0) | H19: =IF(C19>0, C19*E19, 0) | I19: =IF(C19>0, C19*G19, 0) | K19: =IF(AND(C19>0, J19>0), ROUNDUP(C19/J19, 0), 0) | M19: =IF(K19>0, K19*L19, 0) | N19: =IF(I19>0, M19/I19, 0) | O19: =IF(M19=0, "", IF(N19<=0.2, "✅ An toàn", IF(N19<=0.25, "⚠️ Cận trần", "❌ VƯỢT TRẦN")))
G20: =IF(E20>0, E20-F20, 0) | H20: =IF(C20>0, C20*E20, 0) | I20: =IF(C20>0, C20*G20, 0) | K20: =IF(AND(C20>0, J20>0), ROUNDUP(C20/J20, 0), 0) | M20: =IF(K20>0, K20*L20, 0) | N20: =IF(I20>0, M20/I20, 0) | O20: =IF(M20=0, "", IF(N20<=0.2, "✅ An toàn", IF(N20<=0.25, "⚠️ Cận trần", "❌ VƯỢT TRẦN")))
G21: =IF(E21>0, E21-F21, 0) | H21: =IF(C21>0, C21*E21, 0) | I21: =IF(C21>0, C21*G21, 0) | K21: =IF(AND(C21>0, J21>0), ROUNDUP(C21/J21, 0), 0) | M21: =IF(K21>0, K21*L21, 0) | N21: =IF(I21>0, M21/I21, 0) | O21: =IF(M21=0, "", IF(N21<=0.2, "✅ An toàn", IF(N21<=0.25, "⚠️ Cận trần", "❌ VƯỢT TRẦN")))
... G24: =IF(E24>0, E24-F24, 0) | H24: =IF(C24>0, C24*E24, 0) | I24: =IF(C24>0, C24*G24, 0) | K24: =IF(AND(C24>0, J24>0), ROUNDUP(C24/J24, 0), 0) | M24: =IF(K24>0, K24*L24, 0) | N24: =IF(I24>0, M24/I24, 0) | O24: =IF(M24=0, "", IF(N24<=0.2, "✅ An toàn", IF(N24<=0.25, "⚠️ Cận trần", "❌ VƯỢT TRẦN")))
A25: TỔNG CỘNG TOÀN BU | C25: =SUM(C7:C24) | H25: =SUM(H7:H24) | I25: =SUM(I7:I24) | K25: =SUM(K7:K24) | M25: =SUM(M7:M24) | N25: =IF(I25>0, M25/I25, 0) | O25: =IF(N25<=0.22, "✅ ĐẠT CHUẨN", "⚠️ CẦN TỐI ƯU")

Sheet BU3_ChauAu_Uc
A1: 🌏 BU3: DỰ TOÁN DOANH THU, LỢI NHUẬN & ADS BUDGET - TOUR CHÂU ÂU & ÚC (Q4/2026)
A3: DỰ TOÁN DOANH THU TOÀN BU | D3: TỔNG LỢI NHUẬN GỘP BU | G3: TỔNG NGÂN SÁCH ADS ĐỀ XUẤT | K3: % ADS / LÃI GỘP TOÀN BU | N3: TRẠNG THÁI PHÊ DUYỆT BU
A4: =SUM(H7:H30) | D4: =SUM(I7:I30) | G4: =SUM(M7:M30) | K4: =IF(D4>0, G4/D4, 0) | N4: =IF(K4=0, "Chưa có dữ liệu", IF(K4<=0.22, "✅ ĐẠT ĐỊNH MỨC", "⚠️ CẦN TỐI ƯU LẠI"))
A6: Tên Tuyến Tour / Sản Phẩm | B6: Ngày Khởi Hành | C6: Số Khách Mục Tiêu (Pax) | D6: Số Khách Hòa Vốn | E6: Giá Bán / Khách (VND) | F6: Giá Vốn / Khách (VND) | G6: Lãi Gộp / Khách (VND) | H6: DỰ TOÁN DOANH THU (VND) | I6: DỰ TOÁN LÃI GỘP (VND) | J6: Tỷ Lệ Chốt Sale (CR%) | K6: Số Lead SĐT Cần Có | L6: Giá Lead Trần CPL (VND) | M6: DỰ TOÁN BUDGET ADS (VND) | N6: % Ads / Lãi Gộp | O6: CẢNH BÁO AN TOÀN | P6: Ghi Chú / Đề Xuất BUM
A7: Tây Âu 5 Nước (Pháp - Thụy - Ý) | B7: 10/11/2026 | C7: 15 | D7: 11 | E7: 89000000 | F7: 72000000 | G7: =E7-F7 | H7: =C7*E7 | I7: =C7*G7 | J7: 0.05 | K7: =IF(J7>0, ROUNDUP(C7/J7, 0), 0) | L7: 480000 | M7: =K7*L7 | N7: =IF(I7>0, M7/I7, 0) | O7: =IF(N7=0, "", IF(N7<=0.2, "✅ An toàn", IF(N7<=0.25, "⚠️ Cận trần", "❌ VƯỢT TRẦN"))) | P7: Làm visa trước 45 ngày, cần gom sớm
A8: Đông Âu Mùa Đông Cổ Tích | B8: 05/12/2026 | C8: 15 | D8: 11 | E8: 79000000 | F8: 64000000 | G8: =E8-F8 | H8: =C8*E8 | I8: =C8*G8 | J8: 0.05 | K8: =IF(J8>0, ROUNDUP(C8/J8, 0), 0) | L8: 450000 | M8: =K8*L8 | N8: =IF(I8>0, M8/I8, 0) | O8: =IF(N8=0, "", IF(N8<=0.2, "✅ An toàn", IF(N8<=0.25, "⚠️ Cận trần", "❌ VƯỢT TRẦN"))) | P8: Cộng hòa Séc - Áo - Hungary
A9: Úc Mùa Hè Sydney - Melbourne (Tết) | B9: 28/12/2026 | C9: 16 | D9: 12 | E9: 85000000 | F9: 68000000 | G9: =E9-F9 | H9: =C9*E9 | I9: =C9*G9 | J9: 0.06 | K9: =IF(J9>0, ROUNDUP(C9/J9, 0), 0) | L9: 420000 | M9: =K9*L9 | N9: =IF(I9>0, M9/I9, 0) | O9: =IF(N9=0, "", IF(N9<=0.2, "✅ An toàn", IF(N9<=0.25, "⚠️ Cận trần", "❌ VƯỢT TRẦN"))) | P9: Đoàn Tết Dương lịch đón pháo hoa
G10: =IF(E10>0, E10-F10, 0) | H10: =IF(C10>0, C10*E10, 0) | I10: =IF(C10>0, C10*G10, 0) | K10: =IF(AND(C10>0, J10>0), ROUNDUP(C10/J10, 0), 0) | M10: =IF(K10>0, K10*L10, 0) | N10: =IF(I10>0, M10/I10, 0) | O10: =IF(M10=0, "", IF(N10<=0.2, "✅ An toàn", IF(N10<=0.25, "⚠️ Cận trần", "❌ VƯỢT TRẦN")))
G11: =IF(E11>0, E11-F11, 0) | H11: =IF(C11>0, C11*E11, 0) | I11: =IF(C11>0, C11*G11, 0) | K11: =IF(AND(C11>0, J11>0), ROUNDUP(C11/J11, 0), 0) | M11: =IF(K11>0, K11*L11, 0) | N11: =IF(I11>0, M11/I11, 0) | O11: =IF(M11=0, "", IF(N11<=0.2, "✅ An toàn", IF(N11<=0.25, "⚠️ Cận trần", "❌ VƯỢT TRẦN")))
G12: =IF(E12>0, E12-F12, 0) | H12: =IF(C12>0, C12*E12, 0) | I12: =IF(C12>0, C12*G12, 0) | K12: =IF(AND(C12>0, J12>0), ROUNDUP(C12/J12, 0), 0) | M12: =IF(K12>0, K12*L12, 0) | N12: =IF(I12>0, M12/I12, 0) | O12: =IF(M12=0, "", IF(N12<=0.2, "✅ An toàn", IF(N12<=0.25, "⚠️ Cận trần", "❌ VƯỢT TRẦN")))
G13: =IF(E13>0, E13-F13, 0) | H13: =IF(C13>0, C13*E13, 0) | I13: =IF(C13>0, C13*G13, 0) | K13: =IF(AND(C13>0, J13>0), ROUNDUP(C13/J13, 0), 0) | M13: =IF(K13>0, K13*L13, 0) | N13: =IF(I13>0, M13/I13, 0) | O13: =IF(M13=0, "", IF(N13<=0.2, "✅ An toàn", IF(N13<=0.25, "⚠️ Cận trần", "❌ VƯỢT TRẦN")))
G14: =IF(E14>0, E14-F14, 0) | H14: =IF(C14>0, C14*E14, 0) | I14: =IF(C14>0, C14*G14, 0) | K14: =IF(AND(C14>0, J14>0), ROUNDUP(C14/J14, 0), 0) | M14: =IF(K14>0, K14*L14, 0) | N14: =IF(I14>0, M14/I14, 0) | O14: =IF(M14=0, "", IF(N14<=0.2, "✅ An toàn", IF(N14<=0.25, "⚠️ Cận trần", "❌ VƯỢT TRẦN")))
G15: =IF(E15>0, E15-F15, 0) | H15: =IF(C15>0, C15*E15, 0) | I15: =IF(C15>0, C15*G15, 0) | K15: =IF(AND(C15>0, J15>0), ROUNDUP(C15/J15, 0), 0) | M15: =IF(K15>0, K15*L15, 0) | N15: =IF(I15>0, M15/I15, 0) | O15: =IF(M15=0, "", IF(N15<=0.2, "✅ An toàn", IF(N15<=0.25, "⚠️ Cận trần", "❌ VƯỢT TRẦN")))
G16: =IF(E16>0, E16-F16, 0) | H16: =IF(C16>0, C16*E16, 0) | I16: =IF(C16>0, C16*G16, 0) | K16: =IF(AND(C16>0, J16>0), ROUNDUP(C16/J16, 0), 0) | M16: =IF(K16>0, K16*L16, 0) | N16: =IF(I16>0, M16/I16, 0) | O16: =IF(M16=0, "", IF(N16<=0.2, "✅ An toàn", IF(N16<=0.25, "⚠️ Cận trần", "❌ VƯỢT TRẦN")))
G17: =IF(E17>0, E17-F17, 0) | H17: =IF(C17>0, C17*E17, 0) | I17: =IF(C17>0, C17*G17, 0) | K17: =IF(AND(C17>0, J17>0), ROUNDUP(C17/J17, 0), 0) | M17: =IF(K17>0, K17*L17, 0) | N17: =IF(I17>0, M17/I17, 0) | O17: =IF(M17=0, "", IF(N17<=0.2, "✅ An toàn", IF(N17<=0.25, "⚠️ Cận trần", "❌ VƯỢT TRẦN")))
G18: =IF(E18>0, E18-F18, 0) | H18: =IF(C18>0, C18*E18, 0) | I18: =IF(C18>0, C18*G18, 0) | K18: =IF(AND(C18>0, J18>0), ROUNDUP(C18/J18, 0), 0) | M18: =IF(K18>0, K18*L18, 0) | N18: =IF(I18>0, M18/I18, 0) | O18: =IF(M18=0, "", IF(N18<=0.2, "✅ An toàn", IF(N18<=0.25, "⚠️ Cận trần", "❌ VƯỢT TRẦN")))
G19: =IF(E19>0, E19-F19, 0) | H19: =IF(C19>0, C19*E19, 0) | I19: =IF(C19>0, C19*G19, 0) | K19: =IF(AND(C19>0, J19>0), ROUNDUP(C19/J19, 0), 0) | M19: =IF(K19>0, K19*L19, 0) | N19: =IF(I19>0, M19/I19, 0) | O19: =IF(M19=0, "", IF(N19<=0.2, "✅ An toàn", IF(N19<=0.25, "⚠️ Cận trần", "❌ VƯỢT TRẦN")))
G20: =IF(E20>0, E20-F20, 0) | H20: =IF(C20>0, C20*E20, 0) | I20: =IF(C20>0, C20*G20, 0) | K20: =IF(AND(C20>0, J20>0), ROUNDUP(C20/J20, 0), 0) | M20: =IF(K20>0, K20*L20, 0) | N20: =IF(I20>0, M20/I20, 0) | O20: =IF(M20=0, "", IF(N20<=0.2, "✅ An toàn", IF(N20<=0.25, "⚠️ Cận trần", "❌ VƯỢT TRẦN")))
G21: =IF(E21>0, E21-F21, 0) | H21: =IF(C21>0, C21*E21, 0) | I21: =IF(C21>0, C21*G21, 0) | K21: =IF(AND(C21>0, J21>0), ROUNDUP(C21/J21, 0), 0) | M21: =IF(K21>0, K21*L21, 0) | N21: =IF(I21>0, M21/I21, 0) | O21: =IF(M21=0, "", IF(N21<=0.2, "✅ An toàn", IF(N21<=0.25, "⚠️ Cận trần", "❌ VƯỢT TRẦN")))
... G24: =IF(E24>0, E24-F24, 0) | H24: =IF(C24>0, C24*E24, 0) | I24: =IF(C24>0, C24*G24, 0) | K24: =IF(AND(C24>0, J24>0), ROUNDUP(C24/J24, 0), 0) | M24: =IF(K24>0, K24*L24, 0) | N24: =IF(I24>0, M24/I24, 0) | O24: =IF(M24=0, "", IF(N24<=0.2, "✅ An toàn", IF(N24<=0.25, "⚠️ Cận trần", "❌ VƯỢT TRẦN")))
A25: TỔNG CỘNG TOÀN BU | C25: =SUM(C7:C24) | H25: =SUM(H7:H24) | I25: =SUM(I7:I24) | K25: =SUM(K7:K24) | M25: =SUM(M7:M24) | N25: =IF(I25>0, M25/I25, 0) | O25: =IF(N25<=0.22, "✅ ĐẠT CHUẨN", "⚠️ CẦN TỐI ƯU")

Sheet BU4_NamA_Himalaya
A1: 🇱🇰 BU4: DỰ TOÁN DOANH THU, LỢI NHUẬN & ADS BUDGET - TOUR NAM Á / HIMALAYA (Q4/2026)
A3: DỰ TOÁN DOANH THU TOÀN BU | D3: TỔNG LỢI NHUẬN GỘP BU | G3: TỔNG NGÂN SÁCH ADS ĐỀ XUẤT | K3: % ADS / LÃI GỘP TOÀN BU | N3: TRẠNG THÁI PHÊ DUYỆT BU
A4: =SUM(H7:H30) | D4: =SUM(I7:I30) | G4: =SUM(M7:M30) | K4: =IF(D4>0, G4/D4, 0) | N4: =IF(K4=0, "Chưa có dữ liệu", IF(K4<=0.22, "✅ ĐẠT ĐỊNH MỨC", "⚠️ CẦN TỐI ƯU LẠI"))
A6: Tên Tuyến Tour / Sản Phẩm | B6: Ngày Khởi Hành | C6: Số Khách Mục Tiêu (Pax) | D6: Số Khách Hòa Vốn | E6: Giá Bán / Khách (VND) | F6: Giá Vốn / Khách (VND) | G6: Lãi Gộp / Khách (VND) | H6: DỰ TOÁN DOANH THU (VND) | I6: DỰ TOÁN LÃI GỘP (VND) | J6: Tỷ Lệ Chốt Sale (CR%) | K6: Số Lead SĐT Cần Có | L6: Giá Lead Trần CPL (VND) | M6: DỰ TOÁN BUDGET ADS (VND) | N6: % Ads / Lãi Gộp | O6: CẢNH BÁO AN TOÀN | P6: Ghi Chú / Đề Xuất BUM
A7: Bhutan - Miền Hạnh Phúc Mùa Thu | B7: 08/11/2026 | C7: 12 | D7: 8 | E7: 75000000 | F7: 54000000 | G7: =E7-F7 | H7: =C7*E7 | I7: =C7*G7 | J7: 0.07 | K7: =IF(J7>0, ROUNDUP(C7/J7, 0), 0) | L7: 220000 | M7: =K7*L7 | N7: =IF(I7>0, M7/I7, 0) | O7: =IF(N7=0, "", IF(N7<=0.2, "✅ An toàn", IF(N7<=0.25, "⚠️ Cận trần", "❌ VƯỢT TRẦN"))) | P7: Tuyến sâu FIT Tour, khách văn hóa
A8: Bhutan Mùa Lễ Hội Cuối Năm | B8: 05/12/2026 | C8: 12 | D8: 8 | E8: 78000000 | F8: 56000000 | G8: =E8-F8 | H8: =C8*E8 | I8: =C8*G8 | J8: 0.07 | K8: =IF(J8>0, ROUNDUP(C8/J8, 0), 0) | L8: 220000 | M8: =K8*L8 | N8: =IF(I8>0, M8/I8, 0) | O8: =IF(N8=0, "", IF(N8<=0.2, "✅ An toàn", IF(N8<=0.25, "⚠️ Cận trần", "❌ VƯỢT TRẦN"))) | P8: Tham gia lễ hội Tshechu truyền thống
A9: Sri Lanka Đảo Ngọc Trà Xanh | B9: 18/11/2026 | C9: 15 | D9: 10 | E9: 42000000 | F9: 32000000 | G9: =E9-F9 | H9: =C9*E9 | I9: =C9*G9 | J9: 0.07 | K9: =IF(J9>0, ROUNDUP(C9/J9, 0), 0) | L9: 290000 | M9: =K9*L9 | N9: =IF(I9>0, M9/I9, 0) | O9: =IF(N9=0, "", IF(N9<=0.2, "✅ An toàn", IF(N9<=0.25, "⚠️ Cận trần", "❌ VƯỢT TRẦN"))) | P9: Tuyến mới mồi phễu từ T8
G10: =IF(E10>0, E10-F10, 0) | H10: =IF(C10>0, C10*E10, 0) | I10: =IF(C10>0, C10*G10, 0) | K10: =IF(AND(C10>0, J10>0), ROUNDUP(C10/J10, 0), 0) | M10: =IF(K10>0, K10*L10, 0) | N10: =IF(I10>0, M10/I10, 0) | O10: =IF(M10=0, "", IF(N10<=0.2, "✅ An toàn", IF(N10<=0.25, "⚠️ Cận trần", "❌ VƯỢT TRẦN")))
G11: =IF(E11>0, E11-F11, 0) | H11: =IF(C11>0, C11*E11, 0) | I11: =IF(C11>0, C11*G11, 0) | K11: =IF(AND(C11>0, J11>0), ROUNDUP(C11/J11, 0), 0) | M11: =IF(K11>0, K11*L11, 0) | N11: =IF(I11>0, M11/I11, 0) | O11: =IF(M11=0, "", IF(N11<=0.2, "✅ An toàn", IF(N11<=0.25, "⚠️ Cận trần", "❌ VƯỢT TRẦN")))
G12: =IF(E12>0, E12-F12, 0) | H12: =IF(C12>0, C12*E12, 0) | I12: =IF(C12>0, C12*G12, 0) | K12: =IF(AND(C12>0, J12>0), ROUNDUP(C12/J12, 0), 0) | M12: =IF(K12>0, K12*L12, 0) | N12: =IF(I12>0, M12/I12, 0) | O12: =IF(M12=0, "", IF(N12<=0.2, "✅ An toàn", IF(N12<=0.25, "⚠️ Cận trần", "❌ VƯỢT TRẦN")))
G13: =IF(E13>0, E13-F13, 0) | H13: =IF(C13>0, C13*E13, 0) | I13: =IF(C13>0, C13*G13, 0) | K13: =IF(AND(C13>0, J13>0), ROUNDUP(C13/J13, 0), 0) | M13: =IF(K13>0, K13*L13, 0) | N13: =IF(I13>0, M13/I13, 0) | O13: =IF(M13=0, "", IF(N13<=0.2, "✅ An toàn", IF(N13<=0.25, "⚠️ Cận trần", "❌ VƯỢT TRẦN")))
G14: =IF(E14>0, E14-F14, 0) | H14: =IF(C14>0, C14*E14, 0) | I14: =IF(C14>0, C14*G14, 0) | K14: =IF(AND(C14>0, J14>0), ROUNDUP(C14/J14, 0), 0) | M14: =IF(K14>0, K14*L14, 0) | N14: =IF(I14>0, M14/I14, 0) | O14: =IF(M14=0, "", IF(N14<=0.2, "✅ An toàn", IF(N14<=0.25, "⚠️ Cận trần", "❌ VƯỢT TRẦN")))
G15: =IF(E15>0, E15-F15, 0) | H15: =IF(C15>0, C15*E15, 0) | I15: =IF(C15>0, C15*G15, 0) | K15: =IF(AND(C15>0, J15>0), ROUNDUP(C15/J15, 0), 0) | M15: =IF(K15>0, K15*L15, 0) | N15: =IF(I15>0, M15/I15, 0) | O15: =IF(M15=0, "", IF(N15<=0.2, "✅ An toàn", IF(N15<=0.25, "⚠️ Cận trần", "❌ VƯỢT TRẦN")))
G16: =IF(E16>0, E16-F16, 0) | H16: =IF(C16>0, C16*E16, 0) | I16: =IF(C16>0, C16*G16, 0) | K16: =IF(AND(C16>0, J16>0), ROUNDUP(C16/J16, 0), 0) | M16: =IF(K16>0, K16*L16, 0) | N16: =IF(I16>0, M16/I16, 0) | O16: =IF(M16=0, "", IF(N16<=0.2, "✅ An toàn", IF(N16<=0.25, "⚠️ Cận trần", "❌ VƯỢT TRẦN")))
G17: =IF(E17>0, E17-F17, 0) | H17: =IF(C17>0, C17*E17, 0) | I17: =IF(C17>0, C17*G17, 0) | K17: =IF(AND(C17>0, J17>0), ROUNDUP(C17/J17, 0), 0) | M17: =IF(K17>0, K17*L17, 0) | N17: =IF(I17>0, M17/I17, 0) | O17: =IF(M17=0, "", IF(N17<=0.2, "✅ An toàn", IF(N17<=0.25, "⚠️ Cận trần", "❌ VƯỢT TRẦN")))
G18: =IF(E18>0, E18-F18, 0) | H18: =IF(C18>0, C18*E18, 0) | I18: =IF(C18>0, C18*G18, 0) | K18: =IF(AND(C18>0, J18>0), ROUNDUP(C18/J18, 0), 0) | M18: =IF(K18>0, K18*L18, 0) | N18: =IF(I18>0, M18/I18, 0) | O18: =IF(M18=0, "", IF(N18<=0.2, "✅ An toàn", IF(N18<=0.25, "⚠️ Cận trần", "❌ VƯỢT TRẦN")))
G19: =IF(E19>0, E19-F19, 0) | H19: =IF(C19>0, C19*E19, 0) | I19: =IF(C19>0, C19*G19, 0) | K19: =IF(AND(C19>0, J19>0), ROUNDUP(C19/J19, 0), 0) | M19: =IF(K19>0, K19*L19, 0) | N19: =IF(I19>0, M19/I19, 0) | O19: =IF(M19=0, "", IF(N19<=0.2, "✅ An toàn", IF(N19<=0.25, "⚠️ Cận trần", "❌ VƯỢT TRẦN")))
G20: =IF(E20>0, E20-F20, 0) | H20: =IF(C20>0, C20*E20, 0) | I20: =IF(C20>0, C20*G20, 0) | K20: =IF(AND(C20>0, J20>0), ROUNDUP(C20/J20, 0), 0) | M20: =IF(K20>0, K20*L20, 0) | N20: =IF(I20>0, M20/I20, 0) | O20: =IF(M20=0, "", IF(N20<=0.2, "✅ An toàn", IF(N20<=0.25, "⚠️ Cận trần", "❌ VƯỢT TRẦN")))
G21: =IF(E21>0, E21-F21, 0) | H21: =IF(C21>0, C21*E21, 0) | I21: =IF(C21>0, C21*G21, 0) | K21: =IF(AND(C21>0, J21>0), ROUNDUP(C21/J21, 0), 0) | M21: =IF(K21>0, K21*L21, 0) | N21: =IF(I21>0, M21/I21, 0) | O21: =IF(M21=0, "", IF(N21<=0.2, "✅ An toàn", IF(N21<=0.25, "⚠️ Cận trần", "❌ VƯỢT TRẦN")))
... G24: =IF(E24>0, E24-F24, 0) | H24: =IF(C24>0, C24*E24, 0) | I24: =IF(C24>0, C24*G24, 0) | K24: =IF(AND(C24>0, J24>0), ROUNDUP(C24/J24, 0), 0) | M24: =IF(K24>0, K24*L24, 0) | N24: =IF(I24>0, M24/I24, 0) | O24: =IF(M24=0, "", IF(N24<=0.2, "✅ An toàn", IF(N24<=0.25, "⚠️ Cận trần", "❌ VƯỢT TRẦN")))
A25: TỔNG CỘNG TOÀN BU | C25: =SUM(C7:C24) | H25: =SUM(H7:H24) | I25: =SUM(I7:I24) | K25: =SUM(K7:K24) | M25: =SUM(M7:M24) | N25: =IF(I25>0, M25/I25, 0) | O25: =IF(N25<=0.22, "✅ ĐẠT CHUẨN", "⚠️ CẦN TỐI ƯU")

Sheet BU5_DocLa_TrungDong
A1: 🇲🇦 BU5: DỰ TOÁN DOANH THU, LỢI NHUẬN & ADS BUDGET - TUYẾN ĐỘC LẠ (Q4/2026)
A3: DỰ TOÁN DOANH THU TOÀN BU | D3: TỔNG LỢI NHUẬN GỘP BU | G3: TỔNG NGÂN SÁCH ADS ĐỀ XUẤT | K3: % ADS / LÃI GỘP TOÀN BU | N3: TRẠNG THÁI PHÊ DUYỆT BU
A4: =SUM(H7:H30) | D4: =SUM(I7:I30) | G4: =SUM(M7:M30) | K4: =IF(D4>0, G4/D4, 0) | N4: =IF(K4=0, "Chưa có dữ liệu", IF(K4<=0.22, "✅ ĐẠT ĐỊNH MỨC", "⚠️ CẦN TỐI ƯU LẠI"))
A6: Tên Tuyến Tour / Sản Phẩm | B6: Ngày Khởi Hành | C6: Số Khách Mục Tiêu (Pax) | D6: Số Khách Hòa Vốn | E6: Giá Bán / Khách (VND) | F6: Giá Vốn / Khách (VND) | G6: Lãi Gộp / Khách (VND) | H6: DỰ TOÁN DOANH THU (VND) | I6: DỰ TOÁN LÃI GỘP (VND) | J6: Tỷ Lệ Chốt Sale (CR%) | K6: Số Lead SĐT Cần Có | L6: Giá Lead Trần CPL (VND) | M6: DỰ TOÁN BUDGET ADS (VND) | N6: % Ads / Lãi Gộp | O6: CẢNH BÁO AN TOÀN | P6: Ghi Chú / Đề Xuất BUM
A7: Ai Cập Huyền Bí - Du Thuyền Sông Nile | B7: 15/11/2026 | C7: 15 | D7: 10 | E7: 85000000 | F7: 67000000 | G7: =E7-F7 | H7: =C7*E7 | I7: =C7*G7 | J7: 0.08 | K7: =IF(J7>0, ROUNDUP(C7/J7, 0), 0) | L7: 280000 | M7: =K7*L7 | N7: =IF(I7>0, M7/I7, 0) | O7: =IF(N7=0, "", IF(N7<=0.2, "✅ An toàn", IF(N7<=0.25, "⚠️ Cận trần", "❌ VƯỢT TRẦN"))) | P7: Mùa đẹp nhất Ai Cập, khách hỏi đông
A8: Ai Cập Đoàn Giáng Sinh | B8: 20/12/2026 | C8: 15 | D8: 10 | E8: 88000000 | F8: 69000000 | G8: =E8-F8 | H8: =C8*E8 | I8: =C8*G8 | J8: 0.08 | K8: =IF(J8>0, ROUNDUP(C8/J8, 0), 0) | L8: 280000 | M8: =K8*L8 | N8: =IF(I8>0, M8/I8, 0) | O8: =IF(N8=0, "", IF(N8<=0.2, "✅ An toàn", IF(N8<=0.25, "⚠️ Cận trần", "❌ VƯỢT TRẦN"))) | P8: Đoàn Noel đón năm mới
A9: Ma Rốc - Sa Mạc Sahara & Thành Phố Xanh | B9: 10/11/2026 | C9: 14 | D9: 10 | E9: 79000000 | F9: 62000000 | G9: =E9-F9 | H9: =C9*E9 | I9: =C9*G9 | J9: 0.07 | K9: =IF(J9>0, ROUNDUP(C9/J9, 0), 0) | L9: 300000 | M9: =K9*L9 | N9: =IF(I9>0, M9/I9, 0) | O9: =IF(N9=0, "", IF(N9<=0.2, "✅ An toàn", IF(N9<=0.25, "⚠️ Cận trần", "❌ VƯỢT TRẦN"))) | P9: Thời tiết mát mẻ mùa thu đông
A10: Pakistan - Mùa Thu Vàng Hunza | B10: 22/10/2026 | C10: 14 | D10: 10 | E10: 68000000 | F10: 52000000 | G10: =E10-F10 | H10: =C10*E10 | I10: =C10*G10 | J10: 0.09 | K10: =IF(J10>0, ROUNDUP(C10/J10, 0), 0) | L10: 220000 | M10: =K10*L10 | N10: =IF(I10>0, M10/I10, 0) | O10: =IF(N10=0, "", IF(N10<=0.2, "✅ An toàn", IF(N10<=0.25, "⚠️ Cận trần", "❌ VƯỢT TRẦN"))) | P10: Tuyến giữ phong độ CPL tốt nhất
G11: =IF(E11>0, E11-F11, 0) | H11: =IF(C11>0, C11*E11, 0) | I11: =IF(C11>0, C11*G11, 0) | K11: =IF(AND(C11>0, J11>0), ROUNDUP(C11/J11, 0), 0) | M11: =IF(K11>0, K11*L11, 0) | N11: =IF(I11>0, M11/I11, 0) | O11: =IF(M11=0, "", IF(N11<=0.2, "✅ An toàn", IF(N11<=0.25, "⚠️ Cận trần", "❌ VƯỢT TRẦN")))
G12: =IF(E12>0, E12-F12, 0) | H12: =IF(C12>0, C12*E12, 0) | I12: =IF(C12>0, C12*G12, 0) | K12: =IF(AND(C12>0, J12>0), ROUNDUP(C12/J12, 0), 0) | M12: =IF(K12>0, K12*L12, 0) | N12: =IF(I12>0, M12/I12, 0) | O12: =IF(M12=0, "", IF(N12<=0.2, "✅ An toàn", IF(N12<=0.25, "⚠️ Cận trần", "❌ VƯỢT TRẦN")))
G13: =IF(E13>0, E13-F13, 0) | H13: =IF(C13>0, C13*E13, 0) | I13: =IF(C13>0, C13*G13, 0) | K13: =IF(AND(C13>0, J13>0), ROUNDUP(C13/J13, 0), 0) | M13: =IF(K13>0, K13*L13, 0) | N13: =IF(I13>0, M13/I13, 0) | O13: =IF(M13=0, "", IF(N13<=0.2, "✅ An toàn", IF(N13<=0.25, "⚠️ Cận trần", "❌ VƯỢT TRẦN")))
G14: =IF(E14>0, E14-F14, 0) | H14: =IF(C14>0, C14*E14, 0) | I14: =IF(C14>0, C14*G14, 0) | K14: =IF(AND(C14>0, J14>0), ROUNDUP(C14/J14, 0), 0) | M14: =IF(K14>0, K14*L14, 0) | N14: =IF(I14>0, M14/I14, 0) | O14: =IF(M14=0, "", IF(N14<=0.2, "✅ An toàn", IF(N14<=0.25, "⚠️ Cận trần", "❌ VƯỢT TRẦN")))
G15: =IF(E15>0, E15-F15, 0) | H15: =IF(C15>0, C15*E15, 0) | I15: =IF(C15>0, C15*G15, 0) | K15: =IF(AND(C15>0, J15>0), ROUNDUP(C15/J15, 0), 0) | M15: =IF(K15>0, K15*L15, 0) | N15: =IF(I15>0, M15/I15, 0) | O15: =IF(M15=0, "", IF(N15<=0.2, "✅ An toàn", IF(N15<=0.25, "⚠️ Cận trần", "❌ VƯỢT TRẦN")))
G16: =IF(E16>0, E16-F16, 0) | H16: =IF(C16>0, C16*E16, 0) | I16: =IF(C16>0, C16*G16, 0) | K16: =IF(AND(C16>0, J16>0), ROUNDUP(C16/J16, 0), 0) | M16: =IF(K16>0, K16*L16, 0) | N16: =IF(I16>0, M16/I16, 0) | O16: =IF(M16=0, "", IF(N16<=0.2, "✅ An toàn", IF(N16<=0.25, "⚠️ Cận trần", "❌ VƯỢT TRẦN")))
G17: =IF(E17>0, E17-F17, 0) | H17: =IF(C17>0, C17*E17, 0) | I17: =IF(C17>0, C17*G17, 0) | K17: =IF(AND(C17>0, J17>0), ROUNDUP(C17/J17, 0), 0) | M17: =IF(K17>0, K17*L17, 0) | N17: =IF(I17>0, M17/I17, 0) | O17: =IF(M17=0, "", IF(N17<=0.2, "✅ An toàn", IF(N17<=0.25, "⚠️ Cận trần", "❌ VƯỢT TRẦN")))
G18: =IF(E18>0, E18-F18, 0) | H18: =IF(C18>0, C18*E18, 0) | I18: =IF(C18>0, C18*G18, 0) | K18: =IF(AND(C18>0, J18>0), ROUNDUP(C18/J18, 0), 0) | M18: =IF(K18>0, K18*L18, 0) | N18: =IF(I18>0, M18/I18, 0) | O18: =IF(M18=0, "", IF(N18<=0.2, "✅ An toàn", IF(N18<=0.25, "⚠️ Cận trần", "❌ VƯỢT TRẦN")))
G19: =IF(E19>0, E19-F19, 0) | H19: =IF(C19>0, C19*E19, 0) | I19: =IF(C19>0, C19*G19, 0) | K19: =IF(AND(C19>0, J19>0), ROUNDUP(C19/J19, 0), 0) | M19: =IF(K19>0, K19*L19, 0) | N19: =IF(I19>0, M19/I19, 0) | O19: =IF(M19=0, "", IF(N19<=0.2, "✅ An toàn", IF(N19<=0.25, "⚠️ Cận trần", "❌ VƯỢT TRẦN")))
G20: =IF(E20>0, E20-F20, 0) | H20: =IF(C20>0, C20*E20, 0) | I20: =IF(C20>0, C20*G20, 0) | K20: =IF(AND(C20>0, J20>0), ROUNDUP(C20/J20, 0), 0) | M20: =IF(K20>0, K20*L20, 0) | N20: =IF(I20>0, M20/I20, 0) | O20: =IF(M20=0, "", IF(N20<=0.2, "✅ An toàn", IF(N20<=0.25, "⚠️ Cận trần", "❌ VƯỢT TRẦN")))
G21: =IF(E21>0, E21-F21, 0) | H21: =IF(C21>0, C21*E21, 0) | I21: =IF(C21>0, C21*G21, 0) | K21: =IF(AND(C21>0, J21>0), ROUNDUP(C21/J21, 0), 0) | M21: =IF(K21>0, K21*L21, 0) | N21: =IF(I21>0, M21/I21, 0) | O21: =IF(M21=0, "", IF(N21<=0.2, "✅ An toàn", IF(N21<=0.25, "⚠️ Cận trần", "❌ VƯỢT TRẦN")))
G22: =IF(E22>0, E22-F22, 0) | H22: =IF(C22>0, C22*E22, 0) | I22: =IF(C22>0, C22*G22, 0) | K22: =IF(AND(C22>0, J22>0), ROUNDUP(C22/J22, 0), 0) | M22: =IF(K22>0, K22*L22, 0) | N22: =IF(I22>0, M22/I22, 0) | O22: =IF(M22=0, "", IF(N22<=0.2, "✅ An toàn", IF(N22<=0.25, "⚠️ Cận trần", "❌ VƯỢT TRẦN")))
... G25: =IF(E25>0, E25-F25, 0) | H25: =IF(C25>0, C25*E25, 0) | I25: =IF(C25>0, C25*G25, 0) | K25: =IF(AND(C25>0, J25>0), ROUNDUP(C25/J25, 0), 0) | M25: =IF(K25>0, K25*L25, 0) | N25: =IF(I25>0, M25/I25, 0) | O25: =IF(M25=0, "", IF(N25<=0.2, "✅ An toàn", IF(N25<=0.25, "⚠️ Cận trần", "❌ VƯỢT TRẦN")))
A26: TỔNG CỘNG TOÀN BU | C26: =SUM(C7:C25) | H26: =SUM(H7:H25) | I26: =SUM(I7:I25) | K26: =SUM(K7:K25) | M26: =SUM(M7:M25) | N26: =IF(I26>0, M26/I26, 0) | O26: =IF(N26<=0.22, "✅ ĐẠT CHUẨN", "⚠️ CẦN TỐI ƯU")

Sheet THAM_KHAO_CPL_T7_T8
A1: SỐ LIỆU THỰC TẾ & BẢNG BENCHMARK CPL THÁNG 7 & 8/2026 (GROUND TRUTH)
A4: BẢNG 1: BENCHMARK KHUYẾN NGHỊ ĐỂ BUM ĐIỀN CỘT L (CPL) & J (CR%) TRÊN SHEET
A5: BU | B5: Tên Tuyến Tour Cụ Thể | C5: CPL Lead Khuyến Nghị (Cột L) | D5: CR% Chốt Sale Dự Kiến (Cột J) | E5: Mức CPL Message Tham Khảo | F5: Đánh Giá & Lưu Ý Thực Tế
A6: BU1 | B6: Cửu Trại Câu | C6: 130.000 đ - 150.000 đ | D6: 10% - 12% | E6: 40.000 đ - 55.000 đ | F6: Tuyến HOT nhất T8 đạt 128k/lead, nhu cầu lá đỏ rất cao
A7: BU1 | B7: Lệ Giang - Sa Khê | C7: 150.000 đ - 180.000 đ | D7: 8% - 10% | E7: 55.000 đ - 65.000 đ | F7: Tuyến chạy đều, phong độ T7 là 150k/lead
A8: BU1 | B8: Bắc Kinh - Thượng Hải | C8: 160.000 đ - 190.000 đ | D8: 8% - 10% | E8: 90.000 đ - 110.000 đ | F8: T8 đạt 160k/lead, khách nghiêm túc tỷ lệ ra SĐT cao
A9: BU1 | B9: Thanh Tạng / Tân Cương | C9: 180.000 đ - 230.000 đ | D9: 6% - 8% | E9: 45.000 đ - 65.000 đ | F9: Tuyến dài ngày chi phí cao, kén khách
A10: BU2 | B10: Nhật Bản (Cung đường vàng) | C10: 180.000 đ - 220.000 đ | D10: 7% - 9% | E10: 60.000 đ - 75.000 đ | F10: T7 đạt 153k/lead, mùa lá đỏ cạnh tranh tăng nhẹ
A11: BU2 | B11: Nhật Bản (Mùa Tuyết/Noel) | C11: 200.000 đ - 250.000 đ | D11: 6% - 8% | E11: 65.000 đ - 80.000 đ | F11: Bán tour Noel và Tết Dương lịch
A12: BU3 | B12: Tây Âu / Đông Âu / Bắc Âu | C12: 450.000 đ - 550.000 đ | D12: 4% - 6% | E12: 150.000 đ - 250.000 đ | F12: Tour giá trị cao >80tr, visa khó, lọc khách kỹ
A13: BU4 | B13: Bhutan (Mùa Lễ Hội / Cuối Năm) | C13: 200.000 đ - 230.000 đ | D13: 6% - 8% | E13: 35.000 đ - 40.000 đ | F13: T7 đạt 225k/lead rất đều, inbox rẻ (37k/msg)
A14: BU4 | B14: Ladakh (Mùa Hè / Mùa Thu) | C14: 150.000 đ - 200.000 đ | D14: 7% - 9% | E14: 65.000 đ - 80.000 đ | F14: T7 đạt 156k/lead, bài review khách đạt 115k/lead
A15: BU4 | B15: Sri Lanka | C15: 280.000 đ - 350.000 đ | D15: 6% - 8% | E15: 50.000 đ - 65.000 đ | F15: T8 đang test (480k), cần hạ dần khi tệp khách quen
A16: BU5 | B16: Ai Cập Huyền Bí (Thu - Đông) | C16: 250.000 đ - 320.000 đ | D16: 7% - 9% | E16: 80.000 đ - 100.000 đ | F16: Mùa đẹp nhất năm (T10-T2), CPL sẽ hạ từ mức 500k của T8
... A18: BU5 | B18: Pakistan (Mùa Thu Hunza) | C18: 200.000 đ - 230.000 đ | D18: 8% - 10% | E18: 75.000 đ - 100.000 đ | F18: Tuyến phong độ cao nhất BU5 (T7: 212k, T8: 221k)
A21: BẢNG 2: TỔNG HỢP HIỆU SUẤT THỰC TẾ TRÍCH TỪ CRM & ADS (THÁNG 7 & 8/2026)
A22: BU | B22: Tháng | C22: Tổng Chi Phí Ads (VND) | D22: Tổng Inbox (Msg) | E22: CPL Message (VND) | F22: Tổng Lead SĐT (CRM) | G22: CPL Lead SĐT (VND) | H22: Đánh Giá Thực Tế
A23: BU1 | B23: Tháng 7 | C23: 49598581 | D23: 1104 | E23: 44926 | F23: 311 | G23: 159481 | H23: Cao điểm hè & 2/9, lead về rất đều
A24: BU1 | B24: Tháng 8 | C24: 8360276 | D24: 134 | E24: 62390 | F24: 45 | G24: 185784 | H24: Chuyển giao mùa sang Thu, Cửu Trại Câu nổi trội
A25: BU2 | B25: Tháng 7 | C25: 42460145 | D25: 567 | E25: 74886 | F25: 204 | G25: 208138 | H25: Gồm cả Nhật Bản, Mông Cổ, Pakistan (cũ)
A26: BU2 | B26: Tháng 8 | C26: 1381274 | D26: 22 | E26: 62785 | F26: 3 | G26: 460425 | H26: Ngân sách nhỏ giọt nên CPL bị dội cao
A27: BU4 | B27: Tháng 7 | C27: 38539899 | D27: 721 | E27: 53453 | F27: 194 | G27: 198659 | H27: Ladakh & Bhutan chạy mạnh mẽ
A28: BU4 | B28: Tháng 8 | C28: 5862587 | D28: 94 | E28: 62368 | F28: 19 | G28: 308557 | H28: Test tuyến mới Sri Lanka, chốt cuối mùa Ladakh
A29: BU5 | B29: Tháng 7 | C29: 18472787 | D29: 237 | E29: 77944 | F29: 87 | G29: 212330 | H29: (Pakistan chạy dưới mã BU2) phong độ rất tốt
A30: BU5 | B30: Tháng 8 | C30: 8212987 | D30: 87 | E30: 94402 | F30: 24 | G30: 342208 | H30: Tách riêng BU5: Chạy Pakistan (221k), test Ai Cập, Ma Rốc
A31: BU3 | B31: Tháng 8 | C31: 1266106 | D31: 2 | E31: 633053 | F31: 2 | G31: 633053 | H31: Mới khởi động test từ 18/08/2026
